old_contig	new_contig	length	rank
ctg003920_np12121212121212121212	ctg_1	23768663	1
ctg003860_np12121212121212121212	ctg_2	23364959	2
ctg001910_np12121212121212121212	ctg_3	21146417	3
ctg002170_np12121212121212121212	ctg_4	19833342	4
ctg002030_np12121212121212121212	ctg_5	19219902	5
ctg002480_np12121212121212121212	ctg_6	19177966	6
ctg003960_np12121212121212121212	ctg_7	17719203	7
ctg003830_np12121212121212121212	ctg_8	16728368	8
ctg002500_np12121212121212121212	ctg_9	16421184	9
ctg003940_np12121212121212121212	ctg_10	16321803	10
ctg003660_np12121212121212121212	ctg_11	15227585	11
ctg003790_np12121212121212121212	ctg_12	15122367	12
ctg003950_np12121212121212121212	ctg_13	14138631	13
ctg001140_np12121212121212121212	ctg_14	13171739	14
ctg002560_np12121212121212121212	ctg_15	12261851	15
ctg003900_np12121212121212121212	ctg_16	11732479	16
ctg003810_np12121212121212121212	ctg_17	11382918	17
ctg001230_np12121212121212121212	ctg_18	10312107	18
ctg000880_np12121212121212121212	ctg_19	9930646	19
ctg001310_np12121212121212121212	ctg_20	9601170	20
ctg003890_np12121212121212121212	ctg_21	9541440	21
ctg001020_np12121212121212121212	ctg_22	9374873	22
ctg003220_np12121212121212121212	ctg_23	9290276	23
ctg002220_np12121212121212121212	ctg_24	9284668	24
ctg003910_np12121212121212121212	ctg_25	9093681	25
ctg000720_np12121212121212121212	ctg_26	9025781	26
ctg003840_np12121212121212121212	ctg_27	8700421	27
ctg003080_np12121212121212121212	ctg_28	8562704	28
ctg003390_np12121212121212121212	ctg_29	8235370	29
ctg003540_np12121212121212121212	ctg_30	8034879	30
ctg002410_np12121212121212121212	ctg_31	7884210	31
ctg002150_np12121212121212121212	ctg_32	7801588	32
ctg001250_np12121212121212121212	ctg_33	7796673	33
ctg002670_np12121212121212121212	ctg_34	7790268	34
ctg003210_np12121212121212121212	ctg_35	7435814	35
ctg000750_np12121212121212121212	ctg_36	7269464	36
ctg001090_np12121212121212121212	ctg_37	7121779	37
ctg001120_np12121212121212121212	ctg_38	6904521	38
ctg002490_np12121212121212121212	ctg_39	6751321	39
ctg001700_np12121212121212121212	ctg_40	6691746	40
ctg001290_np12121212121212121212	ctg_41	6678378	41
ctg003440_np12121212121212121212	ctg_42	6668795	42
ctg001540_np12121212121212121212	ctg_43	6637803	43
ctg000680_np12121212121212121212	ctg_44	6167898	44
ctg003240_np12121212121212121212	ctg_45	6047040	45
ctg003770_np12121212121212121212	ctg_46	5903057	46
ctg003020_np12121212121212121212	ctg_47	5811947	47
ctg000660_np12121212121212121212	ctg_48	5762210	48
ctg003300_np12121212121212121212	ctg_49	5618750	49
ctg002210_np12121212121212121212	ctg_50	5593810	50
ctg000530_np12121212121212121212	ctg_51	5469777	51
ctg002000_np12121212121212121212	ctg_52	5335657	52
ctg002240_np12121212121212121212	ctg_53	5330029	53
ctg001950_np12121212121212121212	ctg_54	5179449	54
ctg001720_np12121212121212121212	ctg_55	5156863	55
ctg000390_np12121212121212121212	ctg_56	5103538	56
ctg003780_np12121212121212121212	ctg_57	4681661	57
ctg003930_np12121212121212121212	ctg_58	4598738	58
ctg002850_np12121212121212121212	ctg_59	4494742	59
ctg002660_np12121212121212121212	ctg_60	4397614	60
ctg001170_np12121212121212121212	ctg_61	4345355	61
ctg003820_np12121212121212121212	ctg_62	4117750	62
ctg001470_np12121212121212121212	ctg_63	4073706	63
ctg001160_np12121212121212121212	ctg_64	4048784	64
ctg002720_np12121212121212121212	ctg_65	3831375	65
ctg000700_np12121212121212121212	ctg_66	3813741	66
ctg001520_np12121212121212121212	ctg_67	3707992	67
ctg000260_np12121212121212121212	ctg_68	3696428	68
ctg000420_np12121212121212121212	ctg_69	3683176	69
ctg001930_np12121212121212121212	ctg_70	3580945	70
ctg000300_np12121212121212121212	ctg_71	3370323	71
ctg000890_np12121212121212121212	ctg_72	3364887	72
ctg000380_np12121212121212121212	ctg_73	3355754	73
ctg002320_np12121212121212121212	ctg_74	3300404	74
ctg001150_np12121212121212121212	ctg_75	3284176	75
ctg003070_np12121212121212121212	ctg_76	3279929	76
ctg003590_np12121212121212121212	ctg_77	3211956	77
ctg003060_np12121212121212121212	ctg_78	3191821	78
ctg003130_np12121212121212121212	ctg_79	3060227	79
ctg001030_np12121212121212121212	ctg_80	3054450	80
ctg000600_np12121212121212121212	ctg_81	3014858	81
ctg002310_np12121212121212121212	ctg_82	2974003	82
ctg001900_np12121212121212121212	ctg_83	2950466	83
ctg003760_np12121212121212121212	ctg_84	2940130	84
ctg000350_np12121212121212121212	ctg_85	2833874	85
ctg003550_np12121212121212121212	ctg_86	2788670	86
ctg000790_np12121212121212121212	ctg_87	2712115	87
ctg002650_np12121212121212121212	ctg_88	2484530	88
ctg002700_np12121212121212121212	ctg_89	2445942	89
ctg003290_np12121212121212121212	ctg_90	2336409	90
ctg000510_np12121212121212121212	ctg_91	2289392	91
ctg000780_np12121212121212121212	ctg_92	2207355	92
ctg001060_np12121212121212121212	ctg_93	2187887	93
ctg002610_np12121212121212121212	ctg_94	2112531	94
ctg002570_np12121212121212121212	ctg_95	2091476	95
ctg002120_np12121212121212121212	ctg_96	2064854	96
ctg003090_np12121212121212121212	ctg_97	1990451	97
ctg000470_np12121212121212121212	ctg_98	1981733	98
ctg003120_np12121212121212121212	ctg_99	1949681	99
ctg003170_np12121212121212121212	ctg_100	1920866	100
ctg000430_np12121212121212121212	ctg_101	1901968	101
ctg002270_np12121212121212121212	ctg_102	1890402	102
ctg002730_np12121212121212121212	ctg_103	1857096	103
ctg002550_np12121212121212121212	ctg_104	1796535	104
ctg001300_np12121212121212121212	ctg_105	1758781	105
ctg003870_np12121212121212121212	ctg_106	1739923	106
ctg001980_np12121212121212121212	ctg_107	1716084	107
ctg000230_np12121212121212121212	ctg_108	1684297	108
ctg001070_np12121212121212121212	ctg_109	1678292	109
ctg001050_np12121212121212121212	ctg_110	1677992	110
ctg002690_np12121212121212121212	ctg_111	1653606	111
ctg003050_np12121212121212121212	ctg_112	1630424	112
ctg002090_np12121212121212121212	ctg_113	1621838	113
ctg002200_np12121212121212121212	ctg_114	1573676	114
ctg002770_np12121212121212121212	ctg_115	1563939	115
ctg003460_np12121212121212121212	ctg_116	1559232	116
ctg003580_np12121212121212121212	ctg_117	1531740	117
ctg000370_np12121212121212121212	ctg_118	1514461	118
ctg002060_np12121212121212121212	ctg_119	1459279	119
ctg001010_np12121212121212121212	ctg_120	1447269	120
ctg000060_np12121212121212121212	ctg_121	1411913	121
ctg000820_np12121212121212121212	ctg_122	1358990	122
ctg000360_np12121212121212121212	ctg_123	1357835	123
ctg002680_np12121212121212121212	ctg_124	1319173	124
ctg002380_np12121212121212121212	ctg_125	1307237	125
ctg001960_np12121212121212121212	ctg_126	1296783	126
ctg000770_np12121212121212121212	ctg_127	1266831	127
ctg000240_np12121212121212121212	ctg_128	1253076	128
ctg000140_np12121212121212121212	ctg_129	1249604	129
ctg003470_np12121212121212121212	ctg_130	1232193	130
ctg000170_np12121212121212121212	ctg_131	1204660	131
ctg000070_np12121212121212121212	ctg_132	1182492	132
ctg002840_np12121212121212121212	ctg_133	1173649	133
ctg002470_np12121212121212121212	ctg_134	1146509	134
ctg003250_np12121212121212121212	ctg_135	1125809	135
ctg002830_np12121212121212121212	ctg_136	1124023	136
ctg003560_np12121212121212121212	ctg_137	1020135	137
ctg003880_np12121212121212121212	ctg_138	1016130	138
ctg001350_np12121212121212121212	ctg_139	931964	139
ctg000030_np12121212121212121212	ctg_140	911044	140
ctg001420_np12121212121212121212	ctg_141	903617	141
ctg002590_np12121212121212121212	ctg_142	899858	142
ctg003490_np12121212121212121212	ctg_143	885738	143
ctg000330_np12121212121212121212	ctg_144	882470	144
ctg002820_np12121212121212121212	ctg_145	861693	145
ctg001970_np12121212121212121212	ctg_146	849682	146
ctg000560_np12121212121212121212	ctg_147	835828	147
ctg001850_np12121212121212121212	ctg_148	834722	148
ctg003620_np12121212121212121212	ctg_149	831845	149
ctg003640_np12121212121212121212	ctg_150	828455	150
ctg003800_np12121212121212121212	ctg_151	825558	151
ctg000310_np12121212121212121212	ctg_152	823134	152
ctg003380_np12121212121212121212	ctg_153	802369	153
ctg001780_np12121212121212121212	ctg_154	801124	154
ctg003350_np12121212121212121212	ctg_155	775474	155
ctg001330_np12121212121212121212	ctg_156	767803	156
ctg001440_np12121212121212121212	ctg_157	760976	157
ctg002950_np12121212121212121212	ctg_158	759899	158
ctg001800_np12121212121212121212	ctg_159	733879	159
ctg000740_np12121212121212121212	ctg_160	733223	160
ctg001400_np12121212121212121212	ctg_161	722193	161
ctg001480_np12121212121212121212	ctg_162	719765	162
ctg001450_np12121212121212121212	ctg_163	714980	163
ctg001920_np12121212121212121212	ctg_164	709428	164
ctg000190_np12121212121212121212	ctg_165	707026	165
ctg001390_np12121212121212121212	ctg_166	705544	166
ctg002920_np12121212121212121212	ctg_167	704294	167
ctg003270_np12121212121212121212	ctg_168	698300	168
ctg000540_np12121212121212121212	ctg_169	682702	169
ctg002980_np12121212121212121212	ctg_170	664913	170
ctg001580_np12121212121212121212	ctg_171	662376	171
ctg002630_np12121212121212121212	ctg_172	660670	172
ctg003140_np12121212121212121212	ctg_173	659044	173
ctg002040_np12121212121212121212	ctg_174	658842	174
ctg002130_np12121212121212121212	ctg_175	658716	175
ctg001000_np12121212121212121212	ctg_176	658063	176
ctg000400_np12121212121212121212	ctg_177	652338	177
ctg002010_np12121212121212121212	ctg_178	637316	178
ctg002930_np12121212121212121212	ctg_179	636415	179
ctg001410_np12121212121212121212	ctg_180	627338	180
ctg001490_np12121212121212121212	ctg_181	623395	181
ctg002440_np12121212121212121212	ctg_182	621026	182
ctg003510_np12121212121212121212	ctg_183	618952	183
ctg001940_np12121212121212121212	ctg_184	614318	184
ctg003040_np12121212121212121212	ctg_185	609188	185
ctg002600_np12121212121212121212	ctg_186	607669	186
ctg002350_np12121212121212121212	ctg_187	606713	187
ctg001130_np12121212121212121212	ctg_188	606221	188
ctg001990_np12121212121212121212	ctg_189	605616	189
ctg001740_np12121212121212121212	ctg_190	593783	190
ctg001500_np12121212121212121212	ctg_191	587267	191
ctg000050_np12121212121212121212	ctg_192	583416	192
ctg001370_np12121212121212121212	ctg_193	582200	193
ctg001340_np12121212121212121212	ctg_194	580432	194
ctg001570_np12121212121212121212	ctg_195	576639	195
ctg000250_np12121212121212121212	ctg_196	575566	196
ctg000840_np12121212121212121212	ctg_197	567732	197
ctg003110_np12121212121212121212	ctg_198	567296	198
ctg002540_np12121212121212121212	ctg_199	561051	199
ctg000460_np12121212121212121212	ctg_200	560942	200
ctg002070_np12121212121212121212	ctg_201	560918	201
ctg002760_np12121212121212121212	ctg_202	551038	202
ctg001360_np12121212121212121212	ctg_203	535154	203
ctg000010_np12121212121212121212	ctg_204	529476	204
ctg002790_np12121212121212121212	ctg_205	525790	205
ctg003030_np12121212121212121212	ctg_206	522565	206
ctg000580_np12121212121212121212	ctg_207	521938	207
ctg001590_np12121212121212121212	ctg_208	520043	208
ctg000450_np12121212121212121212	ctg_209	485358	209
ctg002190_np12121212121212121212	ctg_210	484171	210
ctg003320_np12121212121212121212	ctg_211	478629	211
ctg001110_np12121212121212121212	ctg_212	471169	212
ctg000440_np12121212121212121212	ctg_213	469711	213
ctg002800_np12121212121212121212	ctg_214	464858	214
ctg002510_np12121212121212121212	ctg_215	461439	215
ctg001040_np12121212121212121212	ctg_216	455685	216
ctg000270_np12121212121212121212	ctg_217	450822	217
ctg001710_np12121212121212121212	ctg_218	440345	218
ctg000550_np12121212121212121212	ctg_219	440033	219
ctg000710_np12121212121212121212	ctg_220	439824	220
ctg000900_np12121212121212121212	ctg_221	436119	221
ctg002580_np12121212121212121212	ctg_222	433434	222
ctg003160_np12121212121212121212	ctg_223	431445	223
ctg002740_np12121212121212121212	ctg_224	428924	224
ctg003200_np12121212121212121212	ctg_225	426102	225
ctg000930_np12121212121212121212	ctg_226	421452	226
ctg002020_np12121212121212121212	ctg_227	421277	227
ctg001630_np12121212121212121212	ctg_228	416470	228
ctg002250_np12121212121212121212	ctg_229	410725	229
ctg000110_np12121212121212121212	ctg_230	410112	230
ctg001210_np12121212121212121212	ctg_231	400368	231
ctg001730_np12121212121212121212	ctg_232	399659	232
ctg000950_np12121212121212121212	ctg_233	398493	233
ctg000920_np12121212121212121212	ctg_234	391581	234
ctg003000_np12121212121212121212	ctg_235	386101	235
ctg000670_np12121212121212121212	ctg_236	385892	236
ctg000150_np12121212121212121212	ctg_237	381098	237
ctg000830_np12121212121212121212	ctg_238	375764	238
ctg001820_np12121212121212121212	ctg_239	367836	239
ctg000800_np12121212121212121212	ctg_240	366358	240
ctg001620_np12121212121212121212	ctg_241	365447	241
ctg002530_np12121212121212121212	ctg_242	361618	242
ctg000340_np12121212121212121212	ctg_243	360141	243
ctg002160_np12121212121212121212	ctg_244	360007	244
ctg003430_np12121212121212121212	ctg_245	357291	245
ctg001190_np12121212121212121212	ctg_246	354688	246
ctg001860_np12121212121212121212	ctg_247	354479	247
ctg001200_np12121212121212121212	ctg_248	347528	248
ctg001530_np12121212121212121212	ctg_249	346810	249
ctg002080_np12121212121212121212	ctg_250	345613	250
ctg000940_np12121212121212121212	ctg_251	345577	251
ctg000080_np12121212121212121212	ctg_252	344947	252
ctg001080_np12121212121212121212	ctg_253	344354	253
ctg000100_np12121212121212121212	ctg_254	343000	254
ctg000850_np12121212121212121212	ctg_255	341632	255
ctg003100_np12121212121212121212	ctg_256	340363	256
ctg000500_np12121212121212121212	ctg_257	339814	257
ctg000860_np12121212121212121212	ctg_258	339804	258
ctg002860_np12121212121212121212	ctg_259	338468	259
ctg001380_np12121212121212121212	ctg_260	327909	260
ctg001830_np12121212121212121212	ctg_261	327826	261
ctg000000_np12121212121212121212	ctg_262	327026	262
ctg000180_np12121212121212121212	ctg_263	326879	263
ctg001640_np12121212121212121212	ctg_264	322667	264
ctg000160_np12121212121212121212	ctg_265	322167	265
ctg003150_np12121212121212121212	ctg_266	321631	266
ctg001790_np12121212121212121212	ctg_267	319135	267
ctg001460_np12121212121212121212	ctg_268	316659	268
ctg003340_np12121212121212121212	ctg_269	310519	269
ctg002620_np12121212121212121212	ctg_270	308744	270
ctg002990_np12121212121212121212	ctg_271	308545	271
ctg002780_np12121212121212121212	ctg_272	308385	272
ctg000630_np12121212121212121212	ctg_273	304447	273
ctg003520_np12121212121212121212	ctg_274	303159	274
ctg001180_np12121212121212121212	ctg_275	303115	275
ctg002910_np12121212121212121212	ctg_276	302028	276
ctg000200_np12121212121212121212	ctg_277	298984	277
ctg003280_np12121212121212121212	ctg_278	296462	278
ctg000210_np12121212121212121212	ctg_279	295772	279
ctg003190_np12121212121212121212	ctg_280	293470	280
ctg000020_np12121212121212121212	ctg_281	292181	281
ctg000290_np12121212121212121212	ctg_282	290887	282
ctg002750_np12121212121212121212	ctg_283	289838	283
ctg002110_np12121212121212121212	ctg_284	285363	284
ctg002970_np12121212121212121212	ctg_285	284022	285
ctg000280_np12121212121212121212	ctg_286	283889	286
ctg001320_np12121212121212121212	ctg_287	282442	287
ctg003260_np12121212121212121212	ctg_288	279310	288
ctg000120_np12121212121212121212	ctg_289	275666	289
ctg003450_np12121212121212121212	ctg_290	272628	290
ctg000970_np12121212121212121212	ctg_291	270224	291
ctg002330_np12121212121212121212	ctg_292	269583	292
ctg000990_np12121212121212121212	ctg_293	266355	293
ctg001270_np12121212121212121212	ctg_294	264555	294
ctg002640_np12121212121212121212	ctg_295	261167	295
ctg002810_np12121212121212121212	ctg_296	260641	296
ctg001680_np12121212121212121212	ctg_297	260437	297
ctg000320_np12121212121212121212	ctg_298	258291	298
ctg001840_np12121212121212121212	ctg_299	255896	299
ctg002280_np12121212121212121212	ctg_300	253996	300
ctg003850_np12121212121212121212	ctg_301	249412	301
ctg002870_np12121212121212121212	ctg_302	248427	302
ctg001240_np12121212121212121212	ctg_303	247313	303
ctg001610_np12121212121212121212	ctg_304	245557	304
ctg000480_np12121212121212121212	ctg_305	241767	305
ctg003330_np12121212121212121212	ctg_306	241411	306
ctg000570_np12121212121212121212	ctg_307	240672	307
ctg003480_np12121212121212121212	ctg_308	240610	308
ctg000690_np12121212121212121212	ctg_309	238908	309
ctg001100_np12121212121212121212	ctg_310	237809	310
ctg000490_np12121212121212121212	ctg_311	236916	311
ctg002520_np12121212121212121212	ctg_312	234961	312
ctg002420_np12121212121212121212	ctg_313	226518	313
ctg002360_np12121212121212121212	ctg_314	225586	314
ctg002710_np12121212121212121212	ctg_315	223712	315
ctg002180_np12121212121212121212	ctg_316	221350	316
ctg002300_np12121212121212121212	ctg_317	215833	317
ctg002900_np12121212121212121212	ctg_318	214095	318
ctg003500_np12121212121212121212	ctg_319	213927	319
ctg001510_np12121212121212121212	ctg_320	213412	320
ctg000610_np12121212121212121212	ctg_321	212772	321
ctg001770_np12121212121212121212	ctg_322	211290	322
ctg002890_np12121212121212121212	ctg_323	210391	323
ctg001810_np12121212121212121212	ctg_324	210181	324
ctg001690_np12121212121212121212	ctg_325	208879	325
ctg001650_np12121212121212121212	ctg_326	208655	326
ctg000910_np12121212121212121212	ctg_327	205773	327
ctg001280_np12121212121212121212	ctg_328	205367	328
ctg003310_np12121212121212121212	ctg_329	204005	329
ctg002260_np12121212121212121212	ctg_330	203963	330
ctg001660_np12121212121212121212	ctg_331	202164	331
ctg002230_np12121212121212121212	ctg_332	201446	332
ctg001560_np12121212121212121212	ctg_333	201230	333
ctg002450_np12121212121212121212	ctg_334	200917	334
ctg003700_np12121212121212121212	ctg_335	199398	335
ctg002460_np12121212121212121212	ctg_336	196095	336
ctg003410_np12121212121212121212	ctg_337	191050	337
ctg000410_np12121212121212121212	ctg_338	190400	338
ctg000980_np12121212121212121212	ctg_339	189609	339
ctg002050_np12121212121212121212	ctg_340	188578	340
ctg001600_np12121212121212121212	ctg_341	187635	341
ctg003230_np12121212121212121212	ctg_342	186214	342
ctg003600_np12121212121212121212	ctg_343	186177	343
ctg003370_np12121212121212121212	ctg_344	183459	344
ctg000760_np12121212121212121212	ctg_345	182887	345
ctg000870_np12121212121212121212	ctg_346	182704	346
ctg000040_np12121212121212121212	ctg_347	180899	347
ctg001890_np12121212121212121212	ctg_348	179862	348
ctg003610_np12121212121212121212	ctg_349	178069	349
ctg000220_np12121212121212121212	ctg_350	175353	350
ctg003360_np12121212121212121212	ctg_351	173449	351
ctg002940_np12121212121212121212	ctg_352	170353	352
ctg000130_np12121212121212121212	ctg_353	169236	353
ctg002370_np12121212121212121212	ctg_354	167717	354
ctg000520_np12121212121212121212	ctg_355	166701	355
ctg003530_np12121212121212121212	ctg_356	164955	356
ctg003630_np12121212121212121212	ctg_357	164812	357
ctg003420_np12121212121212121212	ctg_358	162324	358
ctg003010_np12121212121212121212	ctg_359	158231	359
ctg003720_np12121212121212121212	ctg_360	156171	360
ctg001750_np12121212121212121212	ctg_361	154210	361
ctg002290_np12121212121212121212	ctg_362	154001	362
ctg003650_np12121212121212121212	ctg_363	151504	363
ctg000090_np12121212121212121212	ctg_364	151035	364
ctg002430_np12121212121212121212	ctg_365	150356	365
ctg001760_np12121212121212121212	ctg_366	146472	366
ctg000810_np12121212121212121212	ctg_367	146147	367
ctg002960_np12121212121212121212	ctg_368	130100	368
ctg003710_np12121212121212121212	ctg_369	126129	369
ctg001430_np12121212121212121212	ctg_370	125065	370
ctg000590_np12121212121212121212	ctg_371	124282	371
ctg000640_np12121212121212121212	ctg_372	124018	372
ctg000620_np12121212121212121212	ctg_373	121182	373
ctg000960_np12121212121212121212	ctg_374	120123	374
ctg001880_np12121212121212121212	ctg_375	119481	375
ctg002140_np12121212121212121212	ctg_376	116573	376
ctg003740_np12121212121212121212	ctg_377	113597	377
ctg003750_np12121212121212121212	ctg_378	107523	378
ctg003680_np12121212121212121212	ctg_379	107372	379
ctg002390_np12121212121212121212	ctg_380	104923	380
ctg001260_np12121212121212121212	ctg_381	98970	381
ctg003570_np12121212121212121212	ctg_382	96781	382
ctg001550_np12121212121212121212	ctg_383	92787	383
ctg001670_np12121212121212121212	ctg_384	91436	384
ctg000650_np12121212121212121212	ctg_385	88401	385
ctg003730_np12121212121212121212	ctg_386	86890	386
ctg000730_np12121212121212121212	ctg_387	80982	387
ctg003690_np12121212121212121212	ctg_388	76596	388
ctg002340_np12121212121212121212	ctg_389	74461	389
ctg002400_np12121212121212121212	ctg_390	64732	390
ctg001870_np12121212121212121212	ctg_391	60719	391
ctg001220_np12121212121212121212	ctg_392	43920	392
ctg003400_np12121212121212121212	ctg_393	42351	393
ctg003180_np12121212121212121212	ctg_394	37752	394
ctg002880_np12121212121212121212	ctg_395	31193	395
ctg002100_np12121212121212121212	ctg_396	27780	396
ctg003670_np12121212121212121212	ctg_397	15583	397
